{
    "train": {
        "loss": 2.2928473949432373
    },
    "epoch": 4,
    "step": 3519,
    "val": {
        "loss": 2.3036582469940186,
        "acc": 0.09700000286102295
    }
}
