{
    "train": {
        "loss": 1.4901719093322754
    },
    "epoch": 0,
    "step": 703,
    "val": {
        "loss": 1.5499094724655151,
        "acc": 0.43639999628067017
    }
}
