{
    "train": {
        "loss": 1.773503303527832
    },
    "epoch": 0,
    "step": 624,
    "val": {
        "loss": 1.8444478511810303,
        "acc": 0.33719998598098755
    }
}
