{
    "train": {
        "loss": 0.8753361105918884
    },
    "epoch": 9,
    "step": 6249,
    "val": {
        "loss": 1.090124487876892,
        "acc": 0.6144000291824341
    }
}
