{
    "train": {
        "loss": 1.5006078481674194
    },
    "epoch": 0,
    "step": 624,
    "val": {
        "loss": 1.6095646619796753,
        "acc": 0.40720000863075256
    }
}
