{
    "train": {
        "loss": 2.3047125339508057
    },
    "epoch": 4,
    "step": 3519,
    "val": {
        "loss": 2.305680513381958,
        "acc": 0.09759999811649323
    }
}
