{
    "train": {
        "loss": 1.835587978363037
    },
    "epoch": 0,
    "step": 624,
    "val": {
        "loss": 1.8195617198944092,
        "acc": 0.3479999899864197
    }
}
