{
    "train": {
        "loss": 1.5684587955474854
    },
    "epoch": 0,
    "step": 703,
    "val": {
        "loss": 1.5428210496902466,
        "acc": 0.44620001316070557
    }
}
