{
    "train": {
        "loss": 1.4702321290969849
    },
    "epoch": 0,
    "step": 624,
    "val": {
        "loss": 1.587541937828064,
        "acc": 0.4226999878883362
    }
}
