{
    "train": {
        "loss": 1.9112459421157837
    },
    "epoch": 1,
    "step": 1249,
    "val": {
        "loss": 1.7159923315048218,
        "acc": 0.3783999979496002
    }
}
