{
    "train": {
        "loss": 1.884582281112671
    },
    "epoch": 0,
    "step": 703,
    "val": {
        "loss": 1.9787055253982544,
        "acc": 0.21199999749660492
    }
}
