{
    "train": {
        "loss": 1.3080081939697266
    },
    "epoch": 1,
    "step": 1249,
    "val": {
        "loss": 1.4427516460418701,
        "acc": 0.4837999939918518
    }
}
