{
    "train": {
        "loss": 2.303342819213867
    },
    "epoch": 1,
    "step": 799,
    "val": {
        "loss": 2.3050944805145264,
        "acc": 0.1005999967455864
    }
}
