step	loss
49	2.2947311401367188
99	2.2762210369110107
149	2.1951284408569336
199	2.133375644683838
249	2.168790340423584
299	1.9666564464569092
349	2.078754186630249
399	2.1051225662231445
449	1.8579729795455933
499	1.885839819908142
549	2.0301826000213623
599	1.835587978363037
