step	loss
49	2.106415271759033
99	1.8329252004623413
149	2.093553304672241
199	1.976331353187561
249	1.7762126922607422
299	1.7251970767974854
349	1.7442474365234375
399	1.5681312084197998
449	1.558711290359497
499	1.616562843322754
549	1.5684775114059448
599	1.6434524059295654
649	1.5416325330734253
699	1.5684587955474854
