step	loss
49	2.306105375289917
99	2.2774484157562256
149	2.1923539638519287
199	2.009286403656006
249	2.1298296451568604
299	1.91230046749115
349	1.9784375429153442
399	1.7846112251281738
449	1.9605038166046143
499	2.035242795944214
549	1.9453554153442383
599	1.773503303527832
