step	loss
49	2.0616190433502197
99	1.9441299438476562
149	1.7849018573760986
199	1.7714159488677979
249	1.7223831415176392
299	1.5717966556549072
349	1.7781298160552979
399	1.6107289791107178
449	1.6266374588012695
499	1.8033109903335571
549	1.7481508255004883
599	1.4702321290969849
