step	loss
49	2.309971570968628
99	2.3024909496307373
149	2.307983636856079
199	2.3099594116210938
249	2.295261859893799
299	2.298609495162964
349	2.3035106658935547
399	2.3046531677246094
449	2.2989299297332764
499	2.2942404747009277
549	2.304462194442749
599	2.3005096912384033
649	2.2964327335357666
699	2.315098285675049
749	2.322909116744995
799	2.303342819213867
