step	loss
49	2.2320058345794678
99	2.2605161666870117
149	2.0674915313720703
199	2.0402560234069824
249	2.0687484741210938
299	2.1085526943206787
349	2.0773394107818604
399	2.051917314529419
449	1.8675206899642944
499	1.8899829387664795
549	2.0440492630004883
599	1.983181118965149
649	2.145153760910034
699	1.884582281112671
