step	loss
49	2.078155517578125
99	1.9175667762756348
149	2.0836472511291504
199	1.7698978185653687
249	1.7866485118865967
299	1.5924640893936157
349	1.5844719409942627
399	1.7362747192382812
449	1.8573944568634033
499	1.7426531314849854
549	1.5145961046218872
599	1.6968882083892822
649	1.5085904598236084
699	1.4901719093322754
