step	loss
49	2.0721893310546875
99	2.021733522415161
149	1.888112187385559
199	1.8425178527832031
249	1.7641586065292358
299	1.9948387145996094
349	1.6685346364974976
399	1.5039438009262085
449	1.7260854244232178
499	1.7062084674835205
549	1.7877863645553589
599	1.5006078481674194
